https://www.nos.nl/,nl
https://www.nu.nl/,nl
https://www.ad.nl/,nl
https://www.telegraaf.nl/,nl
https://www.nltimes.nl/,nl
https://www.rtl.de/,de
https://www.n-tv.de/,de
https://www.dw.com/,de
https://www.lefigaro.fr/,fr
https://www.lemonde.fr/,fr
https://www.france24.com/,fr
https://www.libero.it/,it
https://www.repubblica.it/,it
https://www.corriere.it/,it
https://www.gazzetta.it/,it
https://www.theguardian.com/,uk
https://www.dailymail.co.uk/,uk
https://www.the-sun.com/,uk
https://www.bbc.co.uk/,uk
https://www.skynews.com/,uk
https://www.msn.com/,us
https://www.nytimes.com/,us
https://www.cnn.com/,us
https://www.nbcnews.com/,us
https://www.foxnews.com/,us
https://www.apnews.com/,us
https://www.cnbc.com/,us
https://www.newsweek.com/,us
https://www.cbsnews.com/,us
https://www.wsj.com/,us
https://www.washingtonpost.com/,us
https://www.reuters.com/,us
https://www.businessinsider.com/,us
https://www.huffpost.com/,us
https://www.buzzfeed.com/,us
https://www.axios.com/,us
https://www.bloomberg.com/,us
https://www.latimes.com/,us
https://www.msnbc.com/,us
https://www.nypost.com/,us